season,week,team,off_ypp_PY1,off_epa_PY1,off_success_rt_PY1,off_explosiveness_PY1,off_third_conv_rate_PY1,off_fourth_conv_rate_PY1,off_pass_ypa_PY1,off_pass_ypc_PY1,off_rush_ypa_PY1,off_pts_per_opp_PY1,off_turnovers_PY1,off_plays_pg_PY1,off_ppg_PY1,def_ypp_PY1,def_epa_PY1,def_success_rt_PY1,def_explosiveness_PY1,def_third_conv_rate_PY1,def_fourth_conv_rate_PY1,def_pass_ypa_PY1,def_pass_ypc_PY1,def_rush_ypa_PY1,def_pts_per_opp_PY1,def_plays_pg_PY1,def_ppg_PY1,st_net_epa_PY1,st_punt_return_yds_PY1,st_kick_return_yds_PY1,st_kick_return_TDs_PY1,st_punt_return_TDs_PY1,fg_rate_PY1,fg_made_pg_PY1,xp_rate_PY1,xp_made_pg_PY1,st_punt_return_yds_allowed_PY1,st_kick_return_yds_allowed_PY1,st_kick_return_TDs_allowed_PY1,st_punt_return_TDs_allowed_PY1,fg_rate_allowed_PY1,fg_made_pg_allowed_PY1,xp_rate_allowed_PY1,xp_made_pg_allowed_PY1,net_st_ppg_PY1,off_ypp_PY2,off_epa_PY2,off_success_rt_PY2,off_explosiveness_PY2,off_third_conv_rate_PY2,off_fourth_conv_rate_PY2,off_pass_ypa_PY2,off_pass_ypc_PY2,off_rush_ypa_PY2,off_pts_per_opp_PY2,off_turnovers_PY2,off_plays_pg_PY2,off_ppg_PY2,def_ypp_PY2,def_epa_PY2,def_success_rt_PY2,def_explosiveness_PY2,def_third_conv_rate_PY2,def_fourth_conv_rate_PY2,def_pass_ypa_PY2,def_pass_ypc_PY2,def_rush_ypa_PY2,def_pts_per_opp_PY2,def_plays_pg_PY2,def_ppg_PY2,st_net_epa_PY2,st_punt_return_yds_PY2,st_kick_return_yds_PY2,st_kick_return_TDs_PY2,st_punt_return_TDs_PY2,fg_rate_PY2,fg_made_pg_PY2,xp_rate_PY2,xp_made_pg_PY2,st_punt_return_yds_allowed_PY2,st_kick_return_yds_allowed_PY2,st_kick_return_TDs_allowed_PY2,st_punt_return_TDs_allowed_PY2,fg_rate_allowed_PY2,fg_made_pg_allowed_PY2,xp_rate_allowed_PY2,xp_made_pg_allowed_PY2,net_st_ppg_PY2,off_ypp_PY3,off_epa_PY3,off_success_rt_PY3,off_explosiveness_PY3,off_third_conv_rate_PY3,off_fourth_conv_rate_PY3,off_pass_ypa_PY3,off_pass_ypc_PY3,off_rush_ypa_PY3,off_pts_per_opp_PY3,off_turnovers_PY3,off_plays_pg_PY3,off_ppg_PY3,def_ypp_PY3,def_epa_PY3,def_success_rt_PY3,def_explosiveness_PY3,def_third_conv_rate_PY3,def_fourth_conv_rate_PY3,def_pass_ypa_PY3,def_pass_ypc_PY3,def_rush_ypa_PY3,def_pts_per_opp_PY3,def_plays_pg_PY3,def_ppg_PY3,st_net_epa_PY3,st_punt_return_yds_PY3,st_kick_return_yds_PY3,st_kick_return_TDs_PY3,st_punt_return_TDs_PY3,fg_rate_PY3,fg_made_pg_PY3,xp_rate_PY3,xp_made_pg_PY3,st_punt_return_yds_allowed_PY3,st_kick_return_yds_allowed_PY3,st_kick_return_TDs_allowed_PY3,st_punt_return_TDs_allowed_PY3,fg_rate_allowed_PY3,fg_made_pg_allowed_PY3,xp_rate_allowed_PY3,xp_made_pg_allowed_PY3,net_st_ppg_PY3,def_turnovers_PY1,def_turnovers_PY2,def_turnovers_PY3
2024,0,TEN,5.010162601626016,-0.047197988657653116,0.37703252032520324,1.1242118425276777,0.3397129186602871,0.55,5.5297297297297305,11.552631578947368,4.337995337995338,1.574585635359116,1,57.88235294117647,10.705882352941176,5.245179063360882,0.007438047648317091,0.42056932966023874,1.0622889893153933,0.3852813852813853,0.5714285714285714,6.258899676375404,10.803617571059432,3.915074309978768,1.8305084745762712,64.05882352941177,10.705882352941176,0.04297419795012959,4.782608695652174,4.043478260869566,0,0,0.9666666666666667,1.7058823529411764,0.9333333333333333,1.6470588235294117,4.1000000000000005,11.319444444444445,0,0,1,2.7058823529411766,0.9666666666666667,1.7058823529411764,-3.0588235294117645,5.168539325842696,-0.05953720995730634,0.39734422880490294,1.0494710707160015,0.3686635944700461,0.5294117647058824,5.774257425742572,11.322807017543862,4.523206751054852,1.4136125654450262,1.1764705882352942,57.588235294117645,11.764705882352942,5.4935897435897445,0.004283508900209556,0.40384615384615385,1.127503514695264,0.34375,0.7307692307692307,6.556802244039272,11.24145785876993,3.4934036939314015,1.6666666666666667,64.23529411764706,14.117647058823529,-0.07368178447847995,3.6071428571428577,9.542168674698797,0,0,0.8333333333333334,1.1764705882352942,0.9696969696969697,1.8823529411764706,7.066666666666667,9.391304347826084,0,0,1,1.4705882352941178,0.9411764705882353,1.8823529411764706,-0.8823529411764706,5.284982935153585,0.013260714052445784,0.4189419795221843,1.0664159240347642,0.4279835390946502,0.6,5.985172981878087,10.60160427807487,4.532743362831857,1.8826530612244898,1.5,65.11111111111111,16.22222222222222,5.415077202543143,-0.0358983321400481,0.4178019981834696,1.0474775231499747,0.39555555555555555,0.625,6.184722222222219,11.42553191489362,3.960629921259844,1.7939698492462313,61.166666666666664,13.222222222222221,-0.07969197042486943,4.138888888888889,8.933333333333332,0,0,0.8181818181818182,1.5,0.9166666666666666,2.4444444444444446,3.5967741935483866,9.354166666666668,0,0,1,1.9444444444444444,0.8571428571428571,1.6666666666666667,-0.5555555555555556,0.9411764705882353,1.3529411764705883,1.2777777777777777
2024,0,LV,4.957873620862589,-0.09705627067078378,0.4102306920762287,0.9972206186479691,0.3615023474178404,0.6086956521739131,5.6649916247906225,10.53448275862069,3.902499999999997,1.5083798882681565,1.4705882352941178,58.64705882352941,11.176470588235293,5.271455223880599,-0.06046831921128235,0.42350746268656714,1.0156906005843864,0.415929203539823,0.5384615384615384,5.918032786885245,10.372340425531913,4.417748917748916,1.7258064516129032,63.05882352941177,12.705882352941176,-0.14130709700550667,3.7727272727272725,3.2750000000000004,0,0,0.8666666666666667,1.5294117647058822,1,1.8823529411764706,3.7733333333333334,8.166666666666668,0,0,1,1.4705882352941178,0.9444444444444444,2,0.058823529411764705,5.72232824427481,4.0474121603188256e-4,0.44083969465648853,1.0757858559631746,0.39712918660287083,0.5416666666666666,6.304487179487178,11.649025069637883,4.865566037735851,2.0809248554913293,1.2352941176470589,61.64705882352941,14.117647058823529,5.858215962441315,0.06404710021831649,0.4863849765258216,0.9528602071696934,0.41346153846153844,0.55,6.666129032258064,10.829573934837093,4.7325842696629215,2.066666666666667,62.64705882352941,16.235294117647058,-0.09768655526206343,2.7857142857142865,7.59090909090909,0,0,0.918918918918919,2,0.9722222222222222,2.0588235294117645,4.644067796610168,6.466666666666665,0,0,1,1.6470588235294117,0.975609756097561,2.3529411764705883,0.7647058823529411,5.76094570928196,-0.014916375174791703,0.44833625218914186,1.0051557742719501,0.3811659192825112,0.6190476190476191,6.697513812154705,11.174672489082964,4.138755980861241,1.899497487437186,1.5555555555555556,63.44444444444444,12.666666666666666,5.255854293148309,0.048696432486133506,0.42671292281006074,1.0718836164754277,0.39166666666666666,0.43333333333333335,5.9321533923303855,10,4.290526315789472,2.0575916230366493,64.05555555555556,16.77777777777778,-0.14353067691943722,4.414285714285715,7.3047619047619055,0,0,0.9361702127659575,2.4444444444444446,0.9117647058823529,1.7222222222222223,5.560606060606059,9.086021505376344,0.05555555555555555,0,1,1.7222222222222223,0.9583333333333334,2.5555555555555554,1,1.2352941176470589,0.7647058823529411,0.7222222222222222
2024,0,LA,5.7172774869109935,0.05085116456345172,0.44589877835951136,1.0552089713237507,0.4206008583690987,0.6363636363636364,6.736681887366822,12.090673575129534,4.347648261758691,2.0673575129533677,0.9444444444444444,63.666666666666664,15.777777777777779,5.479820627802689,7.385480010537786e-4,0.42780269058295967,1.0651438973885665,0.3888888888888889,0.5483870967741935,6.199704142011833,11.496143958868892,4.371298405466971,1.7384615384615385,61.94444444444444,14.222222222222221,-0.10252354682341311,3,1.8571428571428568,0,0,0.7608695652173914,1.9444444444444444,0.8717948717948718,1.8888888888888888,7.56060606060606,3.0204081632653055,0,0.1111111111111111,1,1.7222222222222223,0.8888888888888888,1.7777777777777777,0.1111111111111111,4.847011144883488,-0.08836844609738505,0.41134751773049644,1.0072409719393045,0.3915094339622642,0.7894736842105263,5.285714285714285,10.103746397694525,4.200501253132833,1.6610169491525424,1.411764705882353,58.05882352941177,10.941176470588236,5.601156069364161,0.016716378987504475,0.4556840077071291,1.0193086539906802,0.4077669902912621,0.65,6.482293423271502,10.911999999999999,4.426966292134829,1.8728323699421965,61.05882352941177,12.588235294117647,4.394767269306765e-4,3.1864406779661016,7.366666666666666,0,0,0.9333333333333333,1.6470588235294117,0.96875,1.8235294117647058,5.095890410958904,4.423076923076924,0,0,1,2.1176470588235294,1,2.1176470588235294,-1.7058823529411764,6.00993124522536,0.0590332438151336,0.4514896867838044,1.1509282511950794,0.45,0.5238095238095238,7.382278481012657,12.120792079207924,3.921001926782274,2.25974025974026,1.4285714285714286,62.333333333333336,17.904761904761905,5.211309523809525,-0.05214886739534716,0.4166666666666667,1.0518955468754456,0.3382899628252788,0.2682926829268293,5.9892215568862275,10.799603174603172,3.935166994106092,1.6434782608695653,64,12.571428571428571,-0.09966774909959641,3.8902439024390243,7.663366336633664,0,0.047619047619047616,0.9090909090909091,1.9047619047619047,0.9833333333333333,2.8095238095238093,1.5522388059701497,5.992000000000003,0,0,1,1.7142857142857142,1,2.0476190476190474,1.619047619047619,0.8888888888888888,1.2352941176470589,1.4285714285714286
2024,0,KC,5.712556732223904,0.02793764644348531,0.43267776096822996,1.0871303429565455,0.4411764705882353,0.5652173913043478,6.404907975460123,10.350476190476192,4.599605522682446,1.9189189189189189,1.4761904761904763,62.95238095238095,13.142857142857142,4.858796296296297,-0.07793172031998324,0.41512345679012347,0.9652989092588052,0.3592592592592593,0.525,5.0609597924773,9.965116279069766,4.561904761904761,1.3918918918918919,61.714285714285715,10.571428571428571,0.018267236225094546,4.484210526315789,3.4235294117647066,0,0,0.9565217391304348,2.0952380952380953,1,2.1904761904761907,3.0810810810810816,3.9082568807339455,0,0,1,1.2857142857142858,0.9714285714285714,1.619047619047619,3,6.40805051302289,0.18724773932177863,0.5011838989739542,1.1061682987153152,0.49333333333333335,0.7692307692307693,7.317721518987342,11.671875,4.901467505241091,2.3714285714285714,1,63.35,20.7,5.219702892885066,-0.002376488091230245,0.43080531665363564,1.0677742853996872,0.40977443609022557,0.6052631578947368,5.614713216957608,10.17525773195876,4.5555555555555545,1.9027777777777777,63.95,15.5,-0.07701709334964993,4.897435897435898,7.55,0,0,0.7692307692307693,1.5,0.9230769230769231,3,3.793650793650794,8.205128205128204,0,0,1,1.45,1,2.35,0.8,6.186979560938685,0.1516770406846479,0.5094625283875852,1.0260979691889311,0.5375,0.6875,6.900717703349284,11.144981412639405,4.956701030927837,2.5,1.5,66.05,20.2,5.865492393915131,0.03959842569448018,0.46357085668534825,1.0211721492289403,0.40082644628099173,0.2972972972972973,6.56584093872229,10.991666666666662,4.751037344398339,2.01980198019802,62.45,16,-0.06876297456303429,5.303030303030302,8.295918367346937,0,0,0.8648648648648649,1.6,0.9393939393939394,3.1,2.3800000000000003,6.487394957983192,0,0,1,1.2,0.9361702127659575,2.2,2.1,1.1428571428571428,1.45,1.5
2024,0,TB,5.335060449050089,-8.88769087461468e-4,0.3963730569948187,1.1548761158545244,0.4186046511627907,0.6666666666666666,6.37015781922525,11.480582524271842,3.7700650759219108,1.7205882352941178,1.0526315789473684,60.94736842105263,13.368421052631579,5.46282372598162,-0.01825123919443869,0.4202172096908939,1.052598961380979,0.3951612903225806,0.4642857142857143,6.377688172043013,11.122004357298477,3.960264900662251,1.608695652173913,63,12.631578947368421,0.0011163493657709803,3.486486486486487,3.9775280898876395,0,0,0.9166666666666666,1.736842105263158,1,2,5.630952380952381,5.404255319148936,0,0,1,1.631578947368421,1,1.5789473684210527,0.7368421052631579,5.129478827361563,-0.038719358883105834,0.43322475570032576,0.9129274514807755,0.39080459770114945,0.5161290322580645,5.822695035460992,9.54494382022472,3.5942408376963355,1.412621359223301,1.2222222222222223,68.22222222222223,11.333333333333334,5.273693534100977,-0.0013108428025592972,0.39769707705934454,1.133064930382981,0.37751004016064255,0.6153846153846154,5.805555555555563,10.532133676092547,4.557172557172557,1.7019230769230769,62.72222222222222,15.555555555555555,-0.06935932883086643,4.619565217391305,7.505747126436782,0,0,0.8157894736842105,1.7222222222222223,0.96,1.3333333333333333,4.535714285714286,11.271604938271603,0,0,1,1.3333333333333333,0.9024390243902439,2.0555555555555554,0.4444444444444444,6.038796516231192,0.11613017270334895,0.4821852731591449,1.0702423109028179,0.45528455284552843,0.5238095238095238,6.792009400705054,10.858439201451906,4.483009708737863,2.2600896860986546,1.2105263157894737,66.47368421052632,21.57894736842105,5.243663123466883,-0.0837203263045845,0.4055600981193786,1.0521184184155807,0.3904382470119522,0.3548387096774194,5.7380073800738,10.02217741935484,4.26341463414634,1.6164383561643836,64.36842105263158,13.578947368421053,-0.0966640924268152,3.375,7.362637362637362,0,0,0.8,1.4736842105263157,0.9545454545454546,3.3157894736842106,3.8219178082191787,6.422413793103445,0,0,1,1.5789473684210527,0.95,2,1,1.368421052631579,1.1666666666666667,1.7894736842105263
2024,0,NYG,4.546234509056246,-0.17370620063895434,0.3565300285986654,1.0575809341632476,0.3048780487804878,0.4864864864864865,4.809999999999998,9.914201183431956,4.193763919821825,1.17,1.0588235294117647,61.705882352941174,8.941176470588236,5.694085027726434,-0.018855965730175617,0.44824399260628467,0.9963632976361753,0.37383177570093457,0.5263157894736842,6.348534201954397,11.204851752021563,4.835470085470085,1.835820895522388,63.64705882352941,16,-0.07654999518048246,4.3194444444444455,2.862068965517243,0,0.058823529411764705,0.7096774193548387,1.2941176470588236,0.96,1.411764705882353,2.8421052631578947,5.800000000000001,0,0,1,1.4705882352941178,0.9130434782608695,2.4705882352941178,-1.2352941176470589,5.329421626152557,0.037331335483749534,0.4308466051969824,0.9948232075741811,0.38626609442060084,0.5,5.572769953051642,10.044155844155844,5.048736462093865,1.7575757575757576,0.8421052631578947,62.78947368421053,13.894736842105264,5.768518518518518,0.06873210867989409,0.44191919191919193,1.077997238074854,0.3788546255506608,0.631578947368421,6.037202380952382,10.916876574307302,5.4186046511627906,1.9752475247524752,62.526315789473685,14.31578947368421,0.0440300659249476,2.6438356164383565,6.901960784313722,0,0,0.9090909090909091,1.5789473684210527,0.9487179487179487,1.9473684210526316,3.378048780487806,8.526881720430106,0,0,1,2.0526315789473686,0.9545454545454546,2.210526315789474,-1.6842105263157894,4.7034548944337855,-0.16133939708160164,0.3656429942418426,1.0222127855951855,0.3652173913043478,0.43333333333333335,5.084260731319562,9.866096866096866,4.123486682808716,1.2789473684210526,1.7647058823529411,61.294117647058826,8.588235294117647,5.364120781527532,0.03097760425268491,0.44582593250444047,0.9910139248625547,0.35555555555555557,0.5652173913043478,5.970451010886471,10.059701492537313,4.556935817805384,1.945945945945946,66.23529411764706,14.823529411764707,0.023615108739737715,2.9402985074626873,7.344086021505376,0,0,0.8787878787878788,1.7058823529411764,1,1,3.202702702702703,9.55072463768116,0,0,1,2,0.9545454545454546,2.4705882352941178,-2.3529411764705883,1.8823529411764706,1.0526315789473684,1.2941176470588236
2024,0,NO,5.23321234119782,-0.01363339668159786,0.42014519056261346,1.0314523267313804,0.3905579399141631,0.47368421052631576,6.211508553654746,10.4064039408867,3.8627450980392157,1.7755102040816326,1.0588235294117647,64.82352941176471,14.941176470588236,5.360844529750486,-0.09987929462882154,0.3809980806142035,1.116867169919313,0.35294117647058826,0.4230769230769231,5.9194630872483245,11.315315315315317,4.614349775784754,1.530612244897959,61.294117647058826,11.529411764705882,-0.1598770965926869,5.369863013698629,5.898734177215191,0,0.058823529411764705,0.8108108108108109,1.7647058823529411,1,2.3529411764705883,2.1733333333333333,2.4725274725274717,0,0,1,1.7647058823529411,1,1.7058823529411764,1,5.662686567164184,-0.037977366355908225,0.445771144278607,0.9558645037927169,0.4055299539170507,0.36363636363636365,6.720000000000001,11.74260355029586,4.384615384615383,1.6612903225806452,1.4705882352941178,59.11764705882353,13.058823529411764,5.017757009345797,-0.055954852110060786,0.4121495327102804,0.9587695724941794,0.41452991452991456,0.42105263157894735,5.360683760683757,10.59937888198758,4.604123711340205,1.5806451612903225,62.94117647058823,11.647058823529411,-0.2284976489702162,3.0374999999999996,7.2560975609756095,0,0,0.7419354838709677,1.3529411764705883,1,1.9411764705882353,3.0779220779220777,6.933333333333333,0,0,1,1.8823529411764706,0.9,1.588235294117647,-1.2352941176470589,4.992307692307694,-0.07396922818579717,0.39807692307692305,1.0948077037715094,0.3561643835616438,0.5238095238095238,5.867403314917128,11.730375426621162,4.036217303822937,1.7121212121212122,1.0588235294117647,61.1764705882353,14.470588235294118,5.129612109744561,-0.10918277288094488,0.36991485335856195,1.1204082244041598,0.3277310924369748,0.5238095238095238,5.979655712050074,11.195121951219516,3.8301435406698574,1.5153061224489797,62.1764705882353,11.411764705882353,-0.23805895265431049,4.308641975308642,10.743589743589743,0,0,0.8333333333333334,1.4705882352941178,0.8157894736842105,1.8235294117647058,4.710843373493977,7.857142857142854,0,0,1,1.8235294117647058,0.967741935483871,1.7647058823529411,-1,1.6470588235294117,0.8235294117647058,1.4705882352941178
2024,0,HOU,5.493562231759658,-0.026258476078465667,0.40171673819742487,1.1080366180248074,0.376,0.36363636363636365,6.697539797395082,12.335784313725487,3.7383966244725753,1.7464788732394365,0.7894736842105263,61.31578947368421,13.052631578947368,5.190632703368939,-0.04333795802066705,0.38783894823336074,1.1183220073501823,0.36363636363636365,0.5142857142857142,6.344927536231882,11.094907407407405,3.679316888045541,1.7302325581395348,64.05263157894737,13.894736842105264,-0.11406731229231531,4.5308641975308666,7.648351648351648,0.10526315789473684,0.05263157894736842,0.8780487804878049,1.894736842105263,0.95,2,2.303370786516854,6.285714285714284,0,0,1,1.6842105263157894,0.9428571428571428,1.736842105263158,1.8421052631578947,4.7784371909001,-0.18890999864401967,0.37091988130563797,1.046868787418791,0.3031674208144796,0.5,5.396774193548387,10.34659090909091,3.797953964194372,1.5303030303030303,1.7058823529411764,59.470588235294116,10,5.8078994614003605,0.0029726101149785498,0.4614003590664273,0.9896730590880567,0.39814814814814814,0.65,6.357142857142856,11.235119047619051,5.252707581227435,1.6923076923076923,65.52941176470588,14.352941176470589,0.05073806271679419,4.9589041095890405,5.637362637362637,0,0,0.9354838709677419,1.7058823529411764,1,1.411764705882353,4.5568181818181825,9.373333333333333,0,0.058823529411764705,1,1.6470588235294117,0.9777777777777777,2.588235294117647,-1.3529411764705883,4.706759443339958,-0.13822703121599939,0.3727634194831014,0.9828386904830461,0.39915966386554624,0.42857142857142855,5.624149659863946,10.254237288135593,3.4162679425837323,1.2722513089005236,1.3529411764705883,59.1764705882353,10.470588235294118,6.03311867525299,0.07397994824985049,0.4609015639374425,1.0771569549689426,0.45098039215686275,0.47368421052631576,7.117443868739207,11.961432506887054,4.797244094488188,2.1473684210526316,63.94117647058823,19.058823529411764,-0.1051872567574135,3.2982456140350873,10.132653061224492,0.058823529411764705,0,0.7777777777777778,1.2352941176470589,0.8620689655172413,1.4705882352941178,4.03409090909091,9.746268656716419,0,0,1,1.6470588235294117,0.9166666666666666,2.588235294117647,-2,1.263157894736842,1.5294117647058822,1.411764705882353
2024,0,WAS,5.025471698113207,-0.1056566041586872,0.40849056603773587,1.013142694316387,0.3548387096774194,0.5517241379310345,5.301564722617353,10.255528255528256,4.481792717086836,1.6130653266331658,1.8823529411764706,62.35294117647059,14.117647058823529,5.97745716862038,0.08474207230028519,0.43913435527502254,1.1524086488268364,0.4177777777777778,0.6190476190476191,7.011006289308178,11.684343434343432,4.587737843551797,2.2578947368421054,65.23529411764706,19.41176470588235,-0.11720194007168866,4.483870967741935,5.564814814814815,0,0,0.7916666666666666,1.1176470588235294,0.9142857142857143,1.8823529411764706,3.6133333333333355,1.9305555555555542,0,0,1,2.0588235294117645,0.9814814814814815,3.1176470588235294,-4.0588235294117645,4.960352422907488,-0.07769465407996894,0.4017621145374449,1.0028415607107086,0.3537117903930131,0.48,5.7265238879736415,10.997093023255815,4.079545454545455,1.4467005076142132,1.5294117647058822,66.76470588235294,11.882352941176471,5.281790437436417,-0.07471437540103823,0.3814852492370295,1.1094342861446604,0.32057416267942584,0.48,5.85945945945946,11.464285714285712,4.5327102803738315,1.583756345177665,57.8235294117647,12.705882352941176,-0.20769930917502244,3.862068965517241,11.135802469135802,0,0,0.8333333333333334,1.4705882352941178,0.8571428571428571,1.411764705882353,2.6385542168674703,4.4871794871794854,0,0,1,1.5294117647058822,0.9459459459459459,2.0588235294117645,-0.8235294117647058,5.173545966228898,-0.05701428564385499,0.424953095684803,0.9997713620057964,0.38839285714285715,0.5,5.79292929292929,10.52247191011236,4.394067796610169,1.723756906077348,1.411764705882353,62.705882352941174,12.235294117647058,5.805687203791469,0.0670764955461496,0.44075829383886256,1.1429444894165401,0.4177777777777778,0.7619047619047619,6.7915360501567426,11.3,4.29736211031175,2.1284916201117317,62.05882352941177,17.058823529411764,-0.02683082312160718,2.1269841269841274,9.826086956521742,0.058823529411764705,0,0.8484848484848485,1.6470588235294117,0.8620689655172413,1.4705882352941178,3.8730158730158726,8.139240506329113,0,0,1,1.588235294117647,0.9347826086956522,2.5294117647058822,-0.5294117647058824,1.0588235294117647,0.8823529411764706,1.1176470588235294
2024,0,NE,4.628937007874017,-0.19069146568537362,0.3828740157480315,0.9636416873050789,0.30180180180180183,0.36,5.0727272727272705,9.663817663817662,3.9756690997566917,1.1470588235294117,1.7058823529411764,59.76470588235294,8.823529411764707,4.84161199625117,-0.05496726858097106,0.40393626991565135,0.99932345271115,0.36909871244635195,0.5555555555555556,5.792822185970637,10.245945945945945,3.557268722466961,1.4558823529411764,62.76470588235294,12.235294117647058,-0.017692472034339823,2.4186046511627906,5.413793103448277,0.058823529411764705,0,0.64,0.9411764705882353,0.96,1.411764705882353,4.479591836734694,7.098360655737705,0.058823529411764705,0,1,1.8235294117647058,0.96875,1.8235294117647058,-3.0588235294117645,5.466531440162273,-0.05398588188860393,0.39553752535496955,1.104999184812068,0.35714285714285715,0.38461538461538464,6.0686106346483735,10.656424581005588,4.595533498759305,1.53125,1.5294117647058822,58,11.058823529411764,5.092764378478662,-0.0892649388571562,0.4090909090909091,1.0678663456074282,0.40756302521008403,0.38461538461538464,5.648773006134968,11.06868131868132,4.241784037558683,1.7846153846153847,63.411764705882355,12.470588235294118,-0.17153484584363182,5.887323943661972,10.974358974358974,0,0.058823529411764705,0.8648648648648649,1.8823529411764706,0.9142857142857143,1.8823529411764706,3.3375000000000004,15.682352941176466,0.17647058823529413,0,1,1.411764705882353,0.9166666666666666,1.9411764705882353,0.6470588235294118,5.785779398359162,0.06863871390781012,0.4621695533272562,1.062156193234066,0.4474885844748858,0.75,6.75,11.159793814432991,4.604462474645029,2.4098360655737703,1.3333333333333333,60.94444444444444,17,5.367688022284125,-0.0265196564027234,0.4336118848653668,1.0272819205378962,0.4,0.46875,5.805324459234607,11.014705882352946,4.81512605042017,1.627659574468085,59.833333333333336,12.333333333333334,0.11000381090348468,5.745454545454545,8.0875,0,0,0.925,2.0555555555555554,0.8979591836734694,2.4444444444444446,3.4909090909090903,11.224299065420562,0,0,1,1.2222222222222223,0.8648648648648649,1.7777777777777777,3.1666666666666665,1,1.588235294117647,1.7222222222222223
2024,0,CIN,5.2713178294573675,-0.010156321663262585,0.41957364341085274,1.0823797162340045,0.38317757009345793,0.47368421052631576,5.860150375939856,10.135714285714277,4.2043596730245225,1.6914893617021276,1,60.705882352941174,13.882352941176471,6.084842707340322,0.03375325300658528,0.4547187797902765,1.0300641740476293,0.41037735849056606,0.4666666666666667,7.033277870216307,12.307692307692308,4.8125,1.86096256684492,61.705882352941174,14.470588235294118,-0.07447716510973192,5.164179104477613,4.3977272727272725,0,0.058823529411764705,0.8387096774193549,1.5294117647058822,1,2.3529411764705883,2.6710526315789473,2.6951219512195124,0,0,1,1.8823529411764706,0.9473684210526315,2.1176470588235294,-0.47058823529411764,5.543068088597212,0.08128776333415075,0.4692370795734208,1.0355378663275427,0.4730290456431535,0.3076923076923077,6.317889317889313,10.695918367346941,4.180995475113122,2.1219512195121952,1.0526315789473684,64.15789473684211,18.105263157894736,5.438611346316681,-0.04226690797204495,0.40643522438611346,1.0371246811488704,0.39759036144578314,0.4482758620689655,6.321022727272727,11.61,4.1362683438155115,1.6536585365853658,62.1578947368421,11.157894736842104,-0.05877264783077084,5.121621621621622,8.03409090909091,0,0,0.8529411764705882,1.5263157894736843,0.9019607843137255,2.4210526315789473,4.897058823529411,9.61904761904762,0,0,1,2.0526315789473686,0.9117647058823529,1.631578947368421,-0.7894736842105263,5.816485225505445,0.045794600867922676,0.4284603421461897,1.1653681511020249,0.40076335877862596,0.625,6.97020725388601,12.275933609958503,4.083657587548639,2.1319148936170214,1,61.23809523809524,17.047619047619047,5.589433962264153,-0.018994766119300774,0.4422641509433962,1.0296334841000767,0.31985294117647056,0.6818181818181818,6.247311827956988,10.825581395348836,4.461065573770492,1.7106382978723405,63.095238095238095,14.571428571428571,0.04533193988072278,3.744444444444445,8.475728155339805,0,0,0.8958333333333334,2.0476190476190474,0.9636363636363636,2.5238095238095237,3.231707317073171,8.050420168067227,0,0,1,1.4285714285714286,0.9565217391304348,2.0952380952380953,2.2857142857142856,1.4705882352941178,1.5263157894736843,1.5238095238095237
2024,0,CAR,4.131627056672761,-0.1766690867887319,0.36288848263254114,1.0276963035353186,0.3413654618473896,0.4791666666666667,4.213517665130569,9.271428571428572,4.011286681715577,1.25,1.2352941176470589,64.3529411764706,7.411764705882353,5.1376146788990855,0.02297372382840878,0.42507645259938837,1.0419113384991647,0.39622641509433965,0.7,5.732809430255404,10.061488673139156,4.495762711864407,1.940217391304348,57.705882352941174,15.647058823529411,-0.13704406743166242,3.9753086419753076,7.238636363636365,0,0.058823529411764705,0.8333333333333334,1.4705882352941178,0.85,1,2.5609756097560976,7.709677419354838,0,0,1,1.4705882352941178,0.9574468085106383,2.6470588235294117,-1.2941176470588236,5.369721936148303,-0.034510066433182496,0.3779608650875386,1.1490224876765562,0.31683168316831684,0.5714285714285714,6.101832993890025,12.157303370786517,4.620833333333333,1.609375,1.1764705882352942,57.11764705882353,11.764705882352942,5.4779816513761475,0.002919753599838116,0.44128440366972477,1.0247134107306108,0.4185022026431718,0.4444444444444444,6.2926829268292686,10.699738903394252,4.423157894736841,1.7538461538461538,64.11764705882354,14.941176470588236,0.03187014609705727,2.7692307692307687,9.109756097560975,0,0,0.9428571428571428,1.9411764705882353,0.9375,1.7647058823529411,2.851851851851852,8.785714285714286,0,0,1,1.411764705882353,0.9,2.1176470588235294,1.2352941176470589,4.640582347588718,-0.1377942524922816,0.3939945404913558,1.0230137057825288,0.3620689655172414,0.4117647058823529,4.9693721286370645,10.267241379310342,4.1591928251121075,1.4461538461538461,1.7058823529411764,64.6470588235294,11.294117647058824,5.170128585558854,-0.04447047192660281,0.40158259149357073,1.076242213104975,0.3888888888888889,0.6666666666666666,5.867145421903056,10.560830860534125,4.314977973568282,1.7969543147208122,59.470588235294116,15.058823529411764,-0.04397199458025188,2.84,6.813186813186811,0,0,0.896551724137931,1.5294117647058822,0.9285714285714286,1.5294117647058822,3.3600000000000003,10.391891891891893,0,0,1,1.8823529411764706,0.9142857142857143,1.8823529411764706,-1.411764705882353,0.5882352941176471,1.0588235294117647,0.9411764705882353
2024,0,ATL,5.259464450600184,-0.0988957912093571,0.39981532779316714,1.0368412603356092,0.4,0.42105263157894735,6.2003514938488555,11.544342507645261,4.217898832684826,1.4619289340101522,1.6470588235294117,63.705882352941174,11.176470588235293,5.113805970149253,-0.05939737415627239,0.3843283582089552,1.0905000471434554,0.3452914798206278,0.4782608695652174,5.81956155143339,10.902941176470586,4.240083507306889,1.7076923076923076,63.05882352941177,12.470588235294118,-0.11830448750902423,3.0641025641025648,2.593406593406594,0,0,0.8648648648648649,1.8823529411764706,0.9642857142857143,1.588235294117647,4.706666666666667,3.3037974683544298,0,0,1,2.2941176470588234,1,2,-1.6470588235294117,5.4330000000000025,0.0048996262104491215,0.463,0.9063291406806712,0.42487046632124353,0.5,6.006666666666668,11.38910505836576,4.963636363636364,1.8,1.1176470588235294,58.8235294117647,12.352941176470589,5.743255813953491,0.07984969782069173,0.49023255813953487,0.9107517186742334,0.46543778801843316,0.3888888888888889,6.780068728522336,10.994623655913978,4.519269776876267,2.135294117647059,63.23529411764706,14.941176470588236,-0.09099923158931363,5.309090909090908,6.967032967032969,0.058823529411764705,0,0.8648648648648649,1.8823529411764706,0.9428571428571428,1.9411764705882353,4.03225806451613,5.8875,0,0,1,1.9411764705882353,0.9166666666666666,1.9411764705882353,0.17647058823529413,5.1863727454909805,-0.0976740670737852,0.3967935871743487,1.0766866548545277,0.3923444976076555,0.4166666666666667,6.047231270358304,10.575596816976129,3.809895833333333,1.6256983240223464,1.5294117647058822,58.705882352941174,11.058823529411764,5.625112917795843,0.08212354451181794,0.4679313459801265,1.0173928440561626,0.3598130841121495,0.45454545454545453,6.607679465776294,10.49616368286445,4.466535433070866,2.2758620689655173,65.11764705882354,18.352941176470587,0.06693619772648642,3.5660377358490565,10.298969072164947,0,0,0.9310344827586207,1.588235294117647,1,1.7647058823529411,3.5606060606060606,11.408450704225354,0.058823529411764705,0,1,1.5294117647058822,0.8666666666666667,2.2941176470588234,-0.7058823529411765,0.9411764705882353,1.0588235294117647,1.1764705882352942
2024,0,BUF,5.764753435731605,0.11498795600735154,0.4931285367825384,0.9650906087446588,0.4959016393442623,0.6,6.715555555555556,10.868055555555555,4.622775800711744,2.16,1.4210526315789473,65.10526315789474,18.526315789473685,5.329136690647479,-0.06552229690922107,0.4244604316546763,1.0176469074059409,0.39035087719298245,0.5,5.646706586826345,10.241293532338307,4.85135135135135,1.6485148514851484,58.526315789473685,11.789473684210526,-0.09287384469000678,4.736842105263158,4.647058823529411,0,0.05263157894736842,0.7647058823529411,1.368421052631579,0.9824561403508771,2.9473684210526314,4.7142857142857135,6.537735849056605,0.05263157894736842,0.05263157894736842,1,1.5263157894736843,0.967741935483871,1.5789473684210527,0.5789473684210527,6.206776715899218,0.09345585225060335,0.4891398783666377,1.094743843997565,0.511520737327189,0.5,6.764367816091956,11.997555012224941,5.3538461538461535,2.253807106598985,1.7222222222222223,63.94444444444444,18.555555555555557,5.090106007067139,-0.045534985324780744,0.4213780918727915,1.0560084017823081,0.37606837606837606,0.5714285714285714,5.543758967001433,10.379652605459057,4.3632183908045965,1.5463917525773196,62.888888888888886,12.222222222222221,0.03944443119377664,4.126760563380283,12.853658536585368,0.1111111111111111,0,0.8823529411764706,1.6666666666666667,0.9636363636363636,2.9444444444444446,4.054545454545455,9.718446601941746,0,0,1,1.4444444444444444,0.9696969696969697,1.7777777777777777,2.5,5.992741935483868,0.1435861084376985,0.47258064516129034,1.1194510492778211,0.4831932773109244,0.5769230769230769,6.539280958721706,10.987041036717065,5.153374233128835,2.4057971014492754,1.263157894736842,65.26315789473684,21.894736842105264,4.835232252410165,-0.0965851329993343,0.38299737072743206,1.0764099808962642,0.37083333333333335,0.38461538461538464,5.084720121028746,10.330508474576268,4.491666666666668,1.5,60.05263157894737,12.31578947368421,-0.018076445222216665,4.625,10.5875,0,0,0.875,1.4736842105263157,0.967741935483871,3.1578947368421053,2.7368421052631584,7.547826086956523,0,0,1,1.3157894736842106,0.96875,1.631578947368421,2,1.7894736842105263,1.6111111111111112,1.5789473684210527
2024,0,IND,5.287948482060718,-0.03549887820394095,0.40110395584176634,1.0608848815200411,0.354978354978355,0.5,5.925806451612904,10.935211267605633,4.4411134903640255,1.6598984771573604,1.1176470588235294,63.94117647058823,13.529411764705882,5.303650934995548,-0.01649708438330849,0.4300979519145147,1.0424980826738681,0.3723849372384937,0.6538461538461539,6.257328990228013,11.235135135135135,4.153241650294697,1.9507389162561577,66.05882352941177,15.176470588235293,-0.10904449541249273,3.657534246575343,1.9896907216494848,0,0,0.8048780487804879,1.9411764705882353,0.9722222222222222,2.0588235294117645,5.217391304347825,4.204301075268818,0,0,1,2.1176470588235294,0.9285714285714286,2.2941176470588234,-0.7647058823529411,4.826363636363635,-0.16806115852400644,0.39454545454545453,0.9313275980808012,0.32894736842105265,0.46153846153846156,5.146926536731638,9.685929648241208,4.332563510392611,1.4081632653061225,2.0588235294117645,64.70588235294117,8.941176470588236,5.279370952821459,-0.027229140148501536,0.42923219241443106,1.009918065444643,0.3811659192825112,0.52,6.083333333333334,10.50958904109589,4.320486815415823,1.8578680203045685,63.588235294117645,16.352941176470587,-0.11817681479093385,3.853333333333334,13.153846153846155,0,0,0.8205128205128205,1.8823529411764706,1,1.3529411764705883,2.7042253521126765,10.038461538461538,0,0,1,1.5294117647058822,0.9534883720930233,2.411764705882353,0,5.669540229885056,0.05148175367060203,0.4339080459770115,1.1325679636011068,0.41346153846153844,0.6206896551724138,6.041292639138241,11.074074074074073,5.244353182751541,2.15,1,61.411764705882355,17.529411764705884,5.580552907530984,0.006103121367134799,0.44518589132507147,1.0400244392487903,0.42788461538461536,0.8571428571428571,6.287066246056783,10.776923076923074,4.501204819277109,1.826086956521739,61.705882352941174,15.411764705882353,0.013100258529689875,2.7419354838709675,10.227848101265824,0,0,0.8285714285714286,1.7058823529411764,0.9787234042553191,2.7058823529411766,4.52542372881356,10.4,0,0,1,1.2941176470588236,0.9117647058823529,1.8235294117647058,2.1176470588235294,1.5294117647058822,1.1764705882352942,2
2024,0,DET,6.0474006116207955,0.079049216579575,0.46559633027522934,1.1073614081001975,0.4251968503937008,0.5333333333333333,6.874338624338625,11.222680412371133,4.914855072463769,2.256880733944954,1.2,65.4,20.6,5.757225433526018,0.003520455790865977,0.43270024772914945,1.160572836016525,0.37446808510638296,0.6071428571428571,6.882195448460512,12.545248868778275,3.946120689655171,1.9255813953488372,60.55,15.7,-0.05970433777696839,5.041666666666667,3.9716981132075464,0,0,0.9166666666666666,1.1,0.9365079365079365,2.95,2.5074626865671634,5.59090909090909,0,0,1,1.6,0.9591836734693877,2.35,-0.9,5.996299722479183,0.07166211256619984,0.4495837187789084,1.133757908224742,0.4095238095238095,0.5405405405405406,6.9983660130718945,11.60313315926893,4.68869936034115,2.2711864406779663,0.9411764705882353,63.588235294117645,18.823529411764707,6.263108614232211,0.07770558649169994,0.45880149812734083,1.1323086243618787,0.45544554455445546,0.5555555555555556,6.92549668874172,12.594900849858355,5.400862068965518,2.1186440677966103,62.8235294117647,17.176470588235293,-0.0964310119349468,4.800000000000001,9.733333333333333,0,0.058823529411764705,0.8,1.411764705882353,0.9591836734693877,2.764705882352941,6.019230769230769,8.021505376344086,0,0,1,1.4705882352941178,0.8888888888888888,2.3529411764705883,0.5882352941176471,5.203598484848481,-0.06330496581338321,0.41571969696969696,1.0111204456556657,0.3474178403755869,0.5121951219512195,5.72698412698413,9.80808080808081,4.429577464788731,1.675977653631285,1.3529411764705883,62.11764705882353,12.941176470588236,6.056956115779642,0.09793383106226403,0.4677871148459384,1.0671236301795421,0.43564356435643564,1.5,7.238260869565219,12.147632311977722,4.6875,2.2295081967213113,63,17.88235294117647,-0.07295713359917719,5.0212765957446805,8.8,0,0,0.8666666666666667,1.5294117647058822,0.9642857142857143,1.588235294117647,4.738461538461538,10.039473684210526,0,0,1,2.1176470588235294,0.9555555555555556,2.5294117647058822,-2.7058823529411766,1.3,1.2352941176470589,1.1176470588235294
2024,0,MIA,6.4885844748858394,0.08043077949233944,0.4621004566210046,1.1973314480296418,0.4075829383886256,0.4666666666666667,7.369905956112847,11.857142857142854,5.2582056892779,2.284263959390863,1.5,60.833333333333336,19.333333333333332,5.236559139784943,-0.032769381446375895,0.42383512544802865,1.060542393855659,0.3930131004366812,0.4838709677419355,6.037481259370313,10.90322580645161,4.046770601336302,1.8181818181818181,62,14.88888888888889,-0.027260538880053836,3.7857142857142865,5.943820224719099,0,0,0.8571428571428571,1.3333333333333333,0.9833333333333333,3.2777777777777777,3.6491228070175445,4.839999999999998,0.05555555555555555,0.05555555555555555,1,1.2222222222222223,0.9791666666666666,2.611111111111111,0.3333333333333333,6.044131455399065,0.03014680885324303,0.4347417840375587,1.1792005266636942,0.3605769230769231,0.5384615384615384,7.017910447761192,12.914507772020723,4.392405063291141,1.8923076923076922,1.2777777777777777,59.166666666666664,15.11111111111111,5.449912126537785,-0.0017773860763215213,0.413884007029877,1.1531469685595477,0.43089430894308944,0.46875,6.064697609001407,10.555808656036447,4.426229508196721,1.9455445544554455,63.22222222222222,15.666666666666666,-0.1334641270922864,2.2777777777777772,6.217391304347825,0,0,0.8285714285714286,1.6111111111111112,0.9347826086956522,2.388888888888889,4.91044776119403,8.041237113402062,0.05555555555555555,0,1,1.6111111111111112,0.9545454545454546,2.3333333333333335,-0.2777777777777778,4.823963133640555,-0.058815687935512145,0.39631336405529954,1.0078135576483105,0.41125541125541126,0.5454545454545454,5.571646341463416,9.74257425742574,3.680652680652681,1.452127659574468,1.411764705882353,63.8235294117647,11.882352941176471,5.415254237288134,-0.028111887076045502,0.3992467043314501,1.1906195722965842,0.3964757709251101,0.6666666666666666,5.955384615384615,11.396782841823057,4.5631067961165055,1.8808290155440415,62.470588235294116,13.764705882352942,-0.08938848335104108,2.533333333333334,3.928571428571428,0,0,0.7419354838709677,1.3529411764705883,0.9714285714285714,2,3.3589743589743595,5.50632911392405,0,0,1,1.8235294117647058,0.9743589743589743,2.235294117647059,-1.6470588235294117,1.5,0.9444444444444444,1.6470588235294117
2024,0,CHI,5.065197428833792,-0.04878972432630497,0.4049586776859504,1.0868563886943987,0.41350210970464135,0.5,5.469964664310956,10.657320872274145,4.627151051625238,1.864864864864865,1.411764705882353,64.05882352941177,12.470588235294118,5.373177842565594,-0.04149370042453163,0.4042759961127308,1.0901104096516203,0.44144144144144143,0.45454545454545453,6.223076923076928,10.353658536585368,3.9155672823218985,1.718918918918919,60.529411764705884,14,0.08147623941034716,3.0322580645161294,6.703703703703702,0,0,0.9210526315789473,2.0588235294117645,0.9393939393939394,1.8235294117647058,5.686567164179104,4.168539325842697,0,0.058823529411764705,1,1.411764705882353,0.9487179487179487,2.176470588235294,1.2352941176470589,5.324873096446701,-0.04590330468168936,0.3847715736040609,1.1451913409724022,0.4147465437788018,0.3333333333333333,5.0592255125284735,11.650224215246636,5.538461538461538,1.7403314917127073,1.4705882352941178,57.94117647058823,13.176470588235293,6.27565982404692,0.11811888843169896,0.46920821114369504,1.1084877273393432,0.4975124378109453,0.4,7.414342629482077,11.888544891640867,5.178502879078696,2.1741573033707864,60.1764705882353,19.176470588235293,0.016027602628335823,3.88235294117647,10.595744680851064,0,0,0.9259259259259259,1.4705882352941178,0.84375,1.588235294117647,4.1940298507462686,10.828947368421051,0.058823529411764705,0,1,1.2352941176470589,0.9615384615384616,2.9411764705882355,-1,4.914714151827555,-0.10020368533839752,0.4029990627928772,1.0350107642700817,0.35046728971962615,0.4166666666666667,5.346089850249579,10.94879518072289,4.358369098712448,1.541899441340782,1.7058823529411764,62.76470588235294,10.941176470588236,5.454086781029263,0.026282408444924348,0.4248234106962664,1.1045937057946904,0.47115384615384615,0.625,6.207619047619046,11.538216560509552,4.605150214592276,2.0279329608938546,58.294117647058826,16,-0.1291201281091257,5.365079365079365,13.11111111111111,0,0.058823529411764705,0.8666666666666667,1.5294117647058822,0.9642857142857143,1.588235294117647,6.048387096774195,10.56338028169014,0,0.058823529411764705,1,1.588235294117647,0.9545454545454546,2.4705882352941178,-1.0588235294117647,1.7058823529411764,1.3529411764705883,0.9411764705882353
2024,0,LAC,5.122262773722621,-0.07593999287074323,0.40693430656934304,1.0802868093492555,0.3855932203389831,0.46875,5.8607407407407415,10.535452322738383,3.938242280285034,1.6806282722513088,1.2941176470588236,64.47058823529412,12.470588235294118,5.658135283363801,0.012429212348864937,0.4323583180987203,1.1052644549443582,0.38362068965517243,0.59375,6.562596599690879,11.773778920308485,4.348993288590603,1.8095238095238095,64.3529411764706,15.529411764705882,0.014498766634709176,5.202702702702703,4.642857142857144,0,0.058823529411764705,0.9393939393939394,1.8235294117647058,1,2.0588235294117645,2.946666666666667,2.6296296296296293,0,0,1,1.411764705882353,0.9565217391304348,2.588235294117647,1.0588235294117647,5.353526970954356,0.010786109144010823,0.42572614107883816,1.057967156816054,0.4411764705882353,0.5357142857142857,6.081658291457288,9.92941176470588,3.936430317848411,1.832512315270936,1.2222222222222223,66.94444444444444,14.88888888888889,5.904225352112675,0.004938622862733371,0.4422535211267606,1.0937226764423869,0.3827751196172249,0.4444444444444444,6.177852348993289,11.781065088757394,5.556503198294243,1.835820895522388,59.166666666666664,15.555555555555555,-0.1699115442714858,4.91304347826087,6.053763440860215,0,0,0.918918918918919,1.8888888888888888,1,2.388888888888889,0.7948717948717945,4.913978494623658,0,0,1,1.6111111111111112,0.9767441860465116,2.3333333333333335,0.8888888888888888,5.933214603739981,0.0944874043394684,0.46482635796972394,1.1538869314883338,0.45662100456621,0.6470588235294118,6.758426966292135,11.318284424379234,4.503649635036497,2.440677966101695,1.2941176470588236,66.05882352941177,20.58823529411765,5.604014598540145,0.03317397635822247,0.46715328467153283,0.997204505182436,0.413953488372093,1,6.327731092436974,11.18207282913165,4.744510978043915,2.1878453038674035,64.47058823529412,17.647058823529413,-7.88525815724854e-5,2.3260869565217397,10.27368421052632,0.058823529411764705,0,0.8888888888888888,1.411764705882353,0.851063829787234,2.3529411764705883,6.854166666666667,7.4500000000000055,0,0,1,1.8823529411764706,0.9772727272727273,2.5294117647058822,-1.2352941176470589,1.1764705882352942,1.3888888888888888,1.2352941176470589
2024,0,JAX,5.26043557168784,-0.07033108374347892,0.4074410163339383,1.0735696341709466,0.38839285714285715,0.4482758620689655,6.207518796992483,10.62378640776699,3.8192219679633865,1.6923076923076923,1.8235294117647058,64.82352941176471,14.117647058823529,5.514608859566448,-0.036453105480012064,0.4175306314797361,1.0891229645270861,0.375,0.5121951219512195,6.197568389057752,10.77970297029703,4.3995037220843685,1.6989795918367347,62.411764705882355,14.941176470588236,-0.1211074599320546,4.183098591549296,8.600000000000003,0,0,0.8108108108108109,1.7647058823529411,1,2.0588235294117645,2.344262295081967,4.139534883720931,0.058823529411764705,0,1,1.2352941176470589,1,2.4705882352941178,0.8235294117647058,5.716555183946488,0.044004395218214754,0.45568561872909696,1.0392408967376394,0.4177215189873418,0.5333333333333333,6.196652719665272,10.432735426008968,4.997912317327766,1.8768472906403941,1.4736842105263157,62.94736842105263,15.368421052631579,5.435980551053483,-0.0035790559627559503,0.4367909238249595,1.050037700161219,0.43951612903225806,0.3225806451612903,6.2596685082872945,10.86727688787185,4.2666666666666675,1.8786407766990292,64.94736842105263,14.631578947368421,-0.0747273264237889,3.72463768115942,10.442105263157895,0,0,0.868421052631579,1.736842105263158,0.975609756097561,2.1052631578947367,3.4769230769230766,9.424242424242426,0,0,1,1.631578947368421,0.9473684210526315,1.894736842105263,0.5263157894736842,5.08203125,-0.0884602347281517,0.4189453125,0.9414824854472607,0.3619047619047619,0.5806451612903226,5.391849529780566,10.177285318559557,4.569948186528499,1.35,1.6470588235294117,60.23529411764706,9.411764705882353,5.705213270142184,0.11771524787600085,0.45876777251184836,1.0504943652530752,0.3835616438356164,0.8571428571428571,6.742608695652177,10.904509283819625,4.462499999999997,2.25,62.05882352941177,16.352941176470587,-0.26314471717447535,2.484375,8.153061224489797,0.058823529411764705,0,0.7777777777777778,1.2352941176470589,0.8181818181818182,1.0588235294117647,2.5,17.98387096774193,0.17647058823529413,0,1,1.8823529411764706,0.94,2.764705882352941,-4.352941176470588,1.5294117647058822,1.4736842105263157,0.5882352941176471
2024,0,GB,5.7439446366782025,0.0776552581664048,0.4463667820069204,1.0954913413377512,0.4816326530612245,0.5,6.646706586826346,11.37712895377129,4.5081967213114735,2.0257731958762886,1,60.8421052631579,16.105263157894736,5.463900414937757,0.01983820977759502,0.45228215767634855,1.0086283830176062,0.4357976653696498,0.4375,6.183308494783905,10.980295566502463,4.55992509363296,1.9329896907216495,63.421052631578945,14.105263157894736,0.011485983761334782,3.306451612903227,9.361702127659575,0,0,0.8055555555555556,1.5263157894736843,0.8723404255319149,2.1578947368421053,4.426229508196721,11.323232323232322,0,0.05263157894736842,1,1.736842105263158,0.8611111111111112,1.631578947368421,-0.42105263157894735,5.565637065637067,0.0031003848711274517,0.44594594594594594,1.0271409818914965,0.398989898989899,0.3870967741935484,6.1109243697479005,10.686813186813186,4.829931972789117,1.8268156424581006,1.1764705882352942,60.94117647058823,14,5.868098159509202,0.03678750293779589,0.44683026584867075,1.0882024284927978,0.38219895287958117,0.5789473684210527,6.528265107212477,11.315286624203821,5.139784946236558,1.8920454545454546,57.529411764705884,14.235294117647058,0.0188164704726402,5.2666666666666675,14.011627906976745,0.058823529411764705,0,0.8620689655172413,1.4705882352941178,0.9487179487179487,2.176470588235294,3.518518518518518,17.6875,0,0,1,1.588235294117647,0.9,2.1176470588235294,0.058823529411764705,5.882352941176474,0.12119234665282799,0.47330316742081446,1.0704849608324087,0.4386792452830189,0.5909090909090909,6.855623100303953,11.25829383886256,4.449664429530201,2.2054054054054055,0.7777777777777778,61.388888888888886,17.77777777777778,5.368761552680222,-0.006156361945954533,0.44824399260628467,1.0024356443806404,0.5233644859813084,0.38235294117647056,5.739520958083833,10.646153846153844,4.770531400966184,1.8524590163934427,60.111111111111114,15,-0.15734299596808948,3.3870967741935485,7.462500000000001,0,0,0.7222222222222222,1.4444444444444444,0.9615384615384616,2.7777777777777777,4.915254237288135,14.164948453608247,0,0.05555555555555555,1,1.1666666666666667,0.9512195121951219,2.1666666666666665,1.1111111111111112,1.105263157894737,1.5294117647058822,1.5
2024,0,CLE,4.841726618705039,-0.15027272073214953,0.38049560351718625,1.0802796141181743,0.32706766917293234,0.5,5.527196652719665,11.100257069408741,3.921348314606739,1.652542372881356,2.1666666666666665,69.5,14.333333333333334,4.813953488372098,-0.16917592297928594,0.3449612403100775,1.14663652148652,0.2923728813559322,0.4,5.082508250825083,10.583333333333332,4.43192488262911,1.4102564102564104,57.333333333333336,14,-0.028758514549523044,2.9741379310344818,3.1071428571428577,0,0,0.918918918918919,1.8888888888888888,0.9142857142857143,1.7777777777777777,4.872340425531914,6.83157894736842,0.05555555555555555,0,1,1,1,2.611111111111111,1.5,5.409463148316648,0.012449214356750888,0.4340309372156506,1.0787101456166595,0.38596491228070173,0.5476190476190477,5.937931034482762,11.074626865671641,4.818882466281311,1.6574585635359116,1.2352941176470589,64.6470588235294,13.529411764705882,5.512195121951225,0.01378737484819381,0.4302439024390244,1.0872486234794803,0.4009433962264151,0.4444444444444444,6.014414414414415,11.26031746031746,4.9191489361702105,1.9572192513368984,60.294117647058826,14.941176470588236,-0.16107556670223538,4.65625,10.71590909090909,0,0.058823529411764705,0.75,1.411764705882353,0.9459459459459459,2.0588235294117645,5.22950819672131,7.902439024390242,0,0,1,1.7647058823529411,0.8974358974358975,2.0588235294117645,-0.7058823529411765,5.569511025886862,0.013046564085064065,0.43720038350910834,1.0583838655048137,0.3915094339622642,0.41379310344827586,5.841827768014052,11.309375000000001,5.242616033755274,1.6666666666666667,1.3529411764705883,61.35294117647059,14.823529411764707,5.072588347659985,6.032394875150455e-4,0.40210124164278893,1.1154392160071884,0.3165137614678899,0.48,5.523274478330662,10.114441416893738,4.4103773584905674,1.879120879120879,61.588235294117645,14.941176470588236,-0.06792535179155126,4.746478873239435,9.741176470588236,0,0,0.7272727272727273,0.9411764705882353,0.9487179487179487,2.176470588235294,3.835820895522388,10.68918918918919,0,0,1,1.5294117647058822,0.9428571428571428,1.9411764705882353,-1.5294117647058822,1.5555555555555556,1.1764705882352942,1.0588235294117647
2024,0,BAL,5.898904802021902,0.06281993743540186,0.45914069081718617,1.0239806180478632,0.4104803493449782,0.7058823529411765,6.680532445923461,11.826923076923078,5.097269624573376,2.1506849315068495,1.3157894736842106,62.473684210526315,18.526315789473685,4.653278688524588,-0.1420029286105945,0.3860655737704918,1.0252922856529576,0.37318840579710144,0.4,4.751295336787566,9.54503464203233,4.484375,1.2442396313364055,64.21052631578948,8.421052631578947,-0.12742045121678966,5.044943820224719,4.592592592592592,0,0.05263157894736842,0.875,1.8421052631578947,0.9824561403508771,2.9473684210526314,6.81578947368421,4.631578947368419,0,0.10526315789473684,1,1.7894736842105263,0.9545454545454546,1.105263157894737,1.6842105263157894,5.610401459854012,-0.0011890545504221028,0.44616788321167883,0.9879334453468718,0.415929203539823,0.43478260869565216,5.8788426763110335,10.813880126182966,5.337016574585636,1.8,1.3333333333333333,60.888888888888886,11.88888888888889,5.270814272644105,-0.010766807443689299,0.4309240622140897,1.0082672564927284,0.36363636363636365,0.625,6.088365243004416,10.697841726618705,3.9299516908212566,1.6065573770491803,60.72222222222222,11.222222222222221,-0.055011927173295984,3.3802816901408446,8.938271604938269,0.05555555555555555,0,0.8636363636363636,2.111111111111111,0.9705882352941176,1.8333333333333333,2.6333333333333337,6.6,0,0,1,1.7777777777777777,0.9354838709677419,1.6111111111111112,1.5555555555555556,5.481733220050982,0.00502059654666509,0.45539507221750214,0.9847465317383902,0.36444444444444446,0.6666666666666666,5.935628742514974,10.775252525252515,4.886051080550097,1.8520408163265305,1.5294117647058822,69.23529411764706,14.352941176470589,6.0527859237536665,0.06960750074434781,0.4203323558162268,1.220501504055912,0.5099009900990099,1,7.220700152207002,12.559193954659952,3.9562841530054653,1.7474226804123711,60.1764705882353,15.647058823529411,0.03506597547422596,4.337349397590364,8.670588235294117,0,0,0.9459459459459459,2.0588235294117645,1,1.8823529411764706,3.2112676056338025,8.011111111111111,0.058823529411764705,0,1,1.2352941176470589,0.9285714285714286,2.2941176470588234,1.7058823529411764,1.4736842105263157,1.3888888888888888,0.8823529411764706
2024,0,PIT,5.164485981308408,-0.07765418895826574,0.41495327102803736,0.9875656474474243,0.375,0.45,5.822719449225472,10.579710144927537,4.38241308793456,1.3463414634146342,0.9444444444444444,59.44444444444444,10.444444444444445,5.4938053097345145,-0.04587231850340545,0.39823008849557523,1.114254452077504,0.39344262295081966,0.47368421052631576,6.248073959938367,11.834688346883471,4.476091476091475,1.626865671641791,62.77777777777778,12.666666666666666,0.09260066832550798,3.3209876543209877,6.813953488372093,0,0,0.9375,1.6666666666666667,0.9666666666666667,1.6111111111111112,2.892473118279571,6.1875,0,0,1,1.8333333333333333,0.9333333333333333,1.5555555555555556,-0.4444444444444444,4.997275204359674,0.01176569047871504,0.4368755676657584,0.9627766863331867,0.4491525423728814,0.7333333333333333,5.601639344262297,10.057692307692307,4.246435845213848,1.5248618784530388,1.0588235294117647,64.76470588235294,10.235294117647058,5.596230158730161,0.023753848879329298,0.4166666666666667,1.139297819448776,0.397196261682243,0.6190476190476191,6.518965517241376,12.246987951807231,4.345794392523364,1.7627118644067796,59.294117647058826,12.823529411764707,-0.1183517208763108,2.352941176470588,6.144578313253013,0,0,0.7727272727272727,2,1,1.5294117647058822,1.985507246376811,14.961038961038962,0,0,1,1.7647058823529411,0.9411764705882353,1.8823529411764706,0.35294117647058826,4.833619210977702,-0.07660307034464377,0.3893653516295026,1.0014688278774295,0.39215686274509803,0.5217391304347826,5.310666666666668,9.321585903083701,3.9735576923076916,1.514018691588785,1.1111111111111112,64.77777777777777,11.88888888888889,5.649616368286445,0.02694194993000376,0.4381926683716965,1.0885982681764517,0.3950617283950617,0.5,6.084592145015104,11.354922279792746,5.086105675146772,1.9420289855072463,65.16666666666667,15.666666666666666,-7.38269416597527e-4,4.670731707317072,9.242424242424242,0,0.05555555555555555,0.9,2,0.9375,1.6666666666666667,4.404761904761905,12.5,0,0,1,1.8888888888888888,0.9361702127659575,2.4444444444444446,-0.1111111111111111,1.5555555555555556,1.411764705882353,1.3888888888888888
2024,0,ARI,5.157796451914101,-0.07129560704468402,0.3996265172735761,1.0654659839326603,0.39461883408071746,0.4411764705882353,5.222591362126242,9.661971830985914,5.074626865671641,1.723756906077348,1.1176470588235294,63,12.705882352941176,5.787965616045843,0.08527101431054801,0.4689589302769819,1.065634988115277,0.47317073170731705,0.5,6.731843575418996,11.0835734870317,4.794117647058824,2.215909090909091,61.588235294117645,18.11764705882353,-0.09971464070491276,4.7666666666666675,4.063829787234043,0,0,0.8484848484848485,1.6470588235294117,0.9565217391304348,1.2941176470588236,5.71875,1.6835443037974684,0,0,1,1.5294117647058822,0.9807692307692307,3,-1.3529411764705883,4.830122591943956,-0.08810489865695897,0.4071803852889667,0.9922932938194426,0.354978354978355,0.43902439024390244,5.0939691444600275,9.159353348729791,4.391608391608391,1.5401069518716577,1.411764705882353,67.17647058823529,11.882352941176471,5.613207547169811,0.01569981764329466,0.47452830188679246,0.9976320173817032,0.4306930693069307,0.5,6.207606973058641,10.09903381642512,4.738927738927738,2.171875,62.35294117647059,17.764705882352942,0.026562101910611396,4.070422535211269,7.297872340425532,0,0,0.875,1.6470588235294117,0.8888888888888888,1.411764705882353,4.955882352941177,5.435897435897435,0,0,1,1.7058823529411764,0.96,2.823529411764706,-1.588235294117647,5.621783876500855,0.051358789884399604,0.45797598627787306,1.0671975041914488,0.44052863436123346,0.5806451612903226,6.573991031390147,10.95852534562212,4.340040241448693,2.171875,0.8888888888888888,64.77777777777777,17,5.52865064695009,-0.04109297809948224,0.4269870609981516,1.0867303147130924,0.4409090909090909,0.6,6.247588424437294,10.797900262467195,4.556521739130437,1.8253968253968254,60.111111111111114,14.666666666666666,-0.07246460357338158,3.7777777777777772,7.279069767441861,0,0,0.8157894736842105,1.7222222222222223,0.9591836734693877,2.611111111111111,4.982456140350878,4.445544554455446,0,0,1,1.3888888888888888,0.9069767441860465,2.1666666666666665,1.4444444444444444,0.9411764705882353,1.2352941176470589,1.5555555555555556
2024,0,NYJ,4.363203050524311,-0.25156504378123534,0.340324118207817,0.9545301300977223,0.2584745762711864,0.5862068965517241,4.39909638554217,9.474719101123595,4.301298701298701,1.1142857142857143,1.9411764705882353,61.705882352941174,6.705882352941177,4.645852749301028,-0.11889244730314226,0.36067101584342964,1.0893509770347098,0.375,0.4375,5.045855379188715,10.166134185303513,4.1976284584980235,1.528301886792453,63.11764705882353,11.882352941176471,-0.1514343320276453,3.4301075268817205,6.302325581395348,0,0.058823529411764705,0.9230769230769231,2.1176470588235294,0.9411764705882353,0.9411764705882353,5.404040404040405,1.6849315068493143,0,0.058823529411764705,1,2,0.9117647058823529,1.8235294117647058,-0.5294117647058824,5.097836312323615,-0.08749542268809064,0.37064910630291625,1.1218044367860756,0.3472803347280335,0.39285714285714285,5.565022421524664,11.316526610644257,4.304568527918785,1.3846153846153846,1.3529411764705883,62.529411764705884,9.882352941176471,4.921150278293134,-0.05133938040286128,0.39239332096474955,1.067033225524608,0.384297520661157,0.4230769230769231,5.35773710482529,10.161383285302595,4.371069182389937,1.4455958549222798,63.411764705882355,10.235294117647058,-0.08038518030299913,3.1168831168831175,8.325,0,0,0.8108108108108109,1.7647058823529411,0.9655172413793104,1.6470588235294117,4.3734939759036155,3.4383561643835607,0,0.11764705882352941,1,1.9411764705882353,0.9354838709677419,1.7058823529411764,-1.2941176470588236,5.043436293436299,-0.09219433445398686,0.41216216216216217,1.0142486082885196,0.36492890995260663,0.4827586206896552,5.371212121212118,11.089635854341736,4.468085106382982,1.452127659574468,1.588235294117647,60.94117647058823,12.470588235294118,6.0293072824156315,0.12791673032767406,0.458259325044405,1.1522551030595156,0.410958904109589,0.6666666666666666,7.114516129032256,11.675810473815464,4.699604743083006,2.387434554973822,66.23529411764706,20.352941176470587,-0.161572285514004,3.491525423728814,12.577981651376145,0.058823529411764705,0,0.7777777777777778,1.2352941176470589,0.8518518518518519,1.3529411764705883,4.309859154929578,5.3698630136986285,0,0,1,2.1176470588235294,0.9433962264150944,2.9411764705882355,-3.8823529411764706,1.5294117647058822,0.9411764705882353,0.8235294117647058
2024,0,PHI,5.450777202072539,0.0437624984805843,0.4533678756476684,1.025040286773225,0.46551724137931033,0.6785714285714286,6.346333853354134,10.956852791878172,4.340425531914893,2.036842105263158,1.6111111111111112,64.33333333333333,15.777777777777779,5.549572649572652,0.05631211336542703,0.4444444444444444,1.1166112672740731,0.4596774193548387,0.5555555555555556,6.2680272108843536,10.935123042505596,4.335632183908046,2.2054054054054055,65,17.666666666666668,-0.1145696108960248,6.725806451612903,2.822916666666667,0,0,0.9393939393939394,1.7222222222222223,0.9782608695652174,2.5,5.375,5.452631578947368,0,0,1,1.4444444444444444,1,2.6666666666666665,0.6666666666666666,5.896499238964992,0.12071105046853402,0.471841704718417,1.1419763039312076,0.4794007490636704,0.7297297297297297,6.968703427719824,12.115196078431373,4.777604976671849,2.4166666666666665,1,65.7,21.3,4.856198347107439,-0.06751371643011918,0.4223140495867769,1.0509131610930151,0.3911290322580645,0.5333333333333333,4.869503546099289,9.97984886649874,4.837623762376237,1.6220095693779903,60.5,13,0.08284042018705008,4.261904761904762,8.080459770114942,0,0,0.896551724137931,1.3,0.9701492537313433,3.25,4.523076923076924,8.801724137931036,0,0,1,1.15,0.9534883720930233,2.05,1.65,5.73628318584071,0.060495791389505636,0.4424778761061947,1.1096309547378334,0.452991452991453,0.42857142857142855,6.380453752181502,11.645454545454546,5.073608617594255,2.0106382978723403,1,62.77777777777778,16.333333333333332,5.263250883392224,0.013631959494158727,0.4664310954063604,0.9073615903238204,0.5,0.4,6.0621212121212125,9.69634703196347,4.146186440677967,2.0307692307692307,62.888888888888886,16.77777777777778,-0.013882240458577303,3.9142857142857155,7.5164835164835155,0,0,0.9090909090909091,1.6666666666666667,1,2.5,3.901639344262295,9.040000000000001,0,0,1,1.2222222222222223,0.851063829787234,2.2222222222222223,1.6111111111111112,0.9444444444444444,1.55,0.9444444444444444
2024,0,SEA,5.594512195121952,0.016406908833892963,0.4258130081300813,1.0561500251822704,0.3640776699029126,0.375,6.395424836601308,11.231805929919139,4.276881720430107,1.7262569832402235,0.8823529411764706,57.88235294117647,12.235294117647058,5.5735682819383285,0.051503018950637615,0.43083700440528633,1.1175009579047064,0.46320346320346323,0.52,6.280507131537247,10.92051282051282,4.688492063492068,2.027027027027027,66.76470588235294,16,-0.012984794907464334,4.416666666666667,7.472527472527472,0,0,0.8333333333333334,2.0588235294117645,1,1.9411764705882353,3.5151515151515147,5.674418604651162,0,0,1,1.7058823529411764,0.9772727272727273,2.5294117647058822,0.47058823529411764,5.761166818596175,0.001155814629766992,0.43208751139471285,1.117185259740052,0.38497652582159625,0.5909090909090909,6.315629742033383,10.695754716981133,4.926940639269407,1.9644670050761421,1.3888888888888888,60.94444444444444,15,5.726415094339622,0.04049269449026922,0.42538593481989706,1.134240016244392,0.4340425531914894,0.39285714285714285,6.2768,11.69806094182825,5.090573012939001,1.9696969696969697,64.77777777777777,16.444444444444443,6.898820445286891e-4,1.7301587301587298,9.291666666666666,0,0,0.9210526315789473,1.9444444444444444,0.9772727272727273,2.388888888888889,3.185714285714286,8.10204081632653,0,0,1,1.6666666666666667,0.9333333333333333,2.3333333333333335,0.8888888888888888,5.823653643083425,0.031195467211196745,0.4297782470960929,1.1248726284386028,0.37305699481865284,0.36363636363636365,6.335793357933582,11.774691358024691,5.138271604938274,1.8473684210526315,0.7647058823529411,55.705882352941174,17.058823529411764,5.435294117647057,0.02778650705327572,0.4579831932773109,0.9652608944274541,0.47767857142857145,0.12903225806451613,6.518037518037519,10.75846501128668,3.925553319919518,1.6806282722513088,70,14.588235294117647,0.0027790830092054505,2.8235294117647056,10.642857142857146,0.058823529411764705,0,0.7391304347826086,1,0.9361702127659575,2.588235294117647,2.8192771084337354,11.722891566265059,0,0,1,1.588235294117647,0.8611111111111112,1.8235294117647058,-0.6470588235294118,1.2352941176470589,1.3888888888888888,1.0588235294117647
2024,0,SF,6.672818791946309,0.16556560667238324,0.5050335570469798,1.114076642308972,0.4748858447488584,0.5714285714285714,8.150078988941548,13.33002481389578,5,2.352112676056338,1.05,59.6,20.7,5.137931034482756,-0.06299772349532173,0.4202085004009623,1.0443601202708122,0.4263565891472868,0.5,5.545112781954889,9.691836734693876,4.414253897550111,1.6521739130434783,62.35,11.6,-0.12385592222399902,3.900000000000001,5.414893617021276,0,0,0.8181818181818182,1.35,0.9714285714285714,3.4,4.161290322580646,7.330434782608696,0,0,1,1.8,0.9354838709677419,1.45,0.6,6.004991680532448,0.07701538156474771,0.4600665557404326,1.0731732979003976,0.45267489711934156,0.3684210526315789,7.119617224880381,12.15544041450777,4.789565217391305,2.1069767441860465,1.1,60.1,16.9,4.96856906534326,-0.10238440312434371,0.39288668320926384,1.0362016126881444,0.39147286821705424,0.5161290322580645,5.854447439353103,10.345132743362834,3.5610278372591,1.4579439252336448,60.45,11.7,-0.050934603121019044,4.666666666666666,9.607594936708859,0,0,0.875,1.75,0.9655172413793104,2.8,2.1857142857142855,12.26086956521739,0,0,1,1,0.8918918918918919,1.65,3.4,6.054347826086957,0.058753300044540546,0.4406354515050167,1.103374703188027,0.40611353711790393,0.47619047619047616,7.597110754414123,12.880829015544043,4.376963350785341,1.9027777777777777,1.5,59.8,15.8,5.127764127764131,-0.03703065781621578,0.3931203931203931,1.1399410017677536,0.4198473282442748,0.35714285714285715,5.9004149377593365,10.527964205816554,4.00602409638554,1.7720930232558139,61.05,14.4,-0.16009965623182276,3.914634146341464,8.473118279569894,0,0,0.868421052631579,1.65,0.9215686274509803,2.35,2.356164383561644,13.166666666666668,0.05,0,1,1.25,0.9534883720930233,2.05,1.2,1.65,1.65,1
2024,0,DEN,5.09081836327345,-0.05809926221600084,0.4101796407185629,1.02800441709947,0.37155963302752293,0.65,5.790780141843972,10.581602373887243,4.189497716894978,1.7052631578947368,1.3529411764705883,58.94117647058823,13.176470588235293,5.8955223880597,0.019245704144759204,0.4430970149253731,1.0831605442116075,0.335,0.48484848484848486,6.472312703583061,11.26178010471204,5.122270742358079,1.935483870967742,63.05882352941177,15.764705882352942,-0.188411299148237,5.719298245614036,4.373626373626374,0.11764705882352941,0,0.8823529411764706,1.7647058823529411,0.9354838709677419,1.7058823529411764,2.4683544303797462,2.097560975609758,0,0,1,1.7647058823529411,0.9761904761904762,2.411764705882353,0,5.175700934579438,-0.10875377344947458,0.37009345794392523,1.0730476928147312,0.29130434782608694,0.5,5.665615141955834,11.61449275362319,4.463302752293579,1.373134328358209,1.411764705882353,62.94117647058823,10.352941176470589,5.119136960600378,-0.04880693533390557,0.4080675422138837,0.9743529199322759,0.3424657534246575,0.6428571428571429,5.578783151326053,9.742346938775508,4.425882352941179,1.545,62.705882352941174,11.411764705882353,-0.022134687558804322,3.6235294117647054,4.7727272727272725,0,0,0.7777777777777778,1.6470588235294117,0.9259259259259259,1.4705882352941178,3.770833333333333,6.095890410958906,0,0,1,2.2941176470588234,0.967741935483871,1.7647058823529411,-2.235294117647059,5.451550387596902,0.014789527454958493,0.42829457364341084,1.0219536741733948,0.38317757009345793,0.5714285714285714,6.166380789022298,10.892655367231637,4.52338530066815,1.8571428571428572,1,60.705882352941174,12.823529411764707,5.434146341463413,0.011183951773728579,0.44,1.0367821809393092,0.30180180180180183,0.6153846153846154,6.086666666666665,11.439882697947215,4.512941176470587,1.6046511627906976,60.294117647058826,11.294117647058824,-0.14716434190335165,3.8333333333333335,3.932432432432431,0,0,0.8387096774193549,1.5294117647058822,0.9705882352941176,1.9411764705882353,2.2985074626865676,7.064102564102564,0.11764705882352941,0,1,1.411764705882353,0.9655172413793104,1.6470588235294117,-0.058823529411764705,1.4705882352941178,1.3529411764705883,1.1764705882352942
2024,0,DAL,5.739748953974894,0.1025038560576543,0.4686192468619247,1.101310756163496,0.5,0.5416666666666666,6.6435506241331455,10.795309168443497,4.364978902953586,2.442622950819672,0.9444444444444444,66.38888888888889,18.666666666666668,5.231060606060606,-0.08432644961220935,0.4356060606060606,1.0018915228059755,0.38461538461538464,0.5263157894736842,6.015652173913039,11.583333333333334,4.293139293139293,1.8829787234042554,58.666666666666664,13.777777777777779,-0.01802955417410669,1.5555555555555554,6.341463414634146,0,0,0.9487179487179487,2.0555555555555554,0.9259259259259259,2.7777777777777777,5.369565217391305,1.7368421052631582,0,0,1,1.2222222222222223,0.9736842105263158,2.0555555555555554,3.2222222222222223,5.501628664495113,0.026683491447836202,0.44136807817589574,1.0843803438454038,0.45348837209302323,0.6086956521739131,6.47175572519084,10.972704714640198,4.392670157068061,2.125,1.3157894736842106,64.63157894736842,18.31578947368421,5.1139854486661225,-0.0881710361326662,0.4042037186742118,1.0210337767766937,0.3969465648854962,0.52,5.613636363636358,10.857142857142854,4.4540337711069435,1.5688073394495412,65.10526315789474,11.263157894736842,-0.11108351357016683,3.875,7.738636363636366,0,0,0.9117647058823529,1.631578947368421,0.864406779661017,2.6842105263157894,4.06578947368421,5.636363636363637,0,0,1,2,0.9666666666666667,1.5263157894736843,0.05263157894736842,5.99092409240924,0.08242288045722557,0.4537953795379538,1.0735430096572298,0.4369747899159664,0.5769230769230769,6.867667121418823,11.181623931623932,4.649269311064717,2.2058823529411766,1.1111111111111112,67.33333333333333,19.666666666666668,5.564147627416517,-0.08895302262131051,0.39103690685413006,1.1749417270444789,0.36324786324786323,0.5769230769230769,6.185944363103958,11.889473684210525,4.63076923076923,1.766355140186916,63.22222222222222,13.444444444444445,-0.21922242263636882,2.5333333333333337,8.54444444444444,0.05555555555555555,0,0.8333333333333334,1.6666666666666667,0.8909090909090909,2.7222222222222223,2.485714285714285,4.477477477477477,0,0,1,1.7777777777777777,0.9117647058823529,1.7222222222222223,1,1.5,1.8421052631578947,2
2024,0,MIN,5.572906867356537,-0.040616485486435164,0.4167450611476952,1.1299084998741737,0.3811659192825112,0.6071428571428571,6.451183431952663,11.084905660377359,4.038759689922481,1.675977653631285,2,62.529411764705884,13.176470588235293,5.269694161260427,-0.017978011585857427,0.4402224281742354,0.9901689450733548,0.41739130434782606,0.72,6.170278637770896,10.065727699530518,3.9260969976905313,1.7741935483870968,63.470588235294116,13.294117647058824,-0.1845152527053928,4.188405797101449,5.888888888888892,0,0,0.8,1.411764705882353,0.9473684210526315,2.1176470588235294,4.616666666666666,5.0625,0,0,1,1.8823529411764706,0.9142857142857143,1.8823529411764706,-1.1764705882352942,5.55213675213675,-0.001977439103858872,0.4341880341880342,1.0919349967052672,0.4110169491525424,0.47619047619047616,6.264473684210529,10.602083333333336,4.23170731707317,1.957142857142857,1.3888888888888888,65,17.333333333333332,5.9915038232795235,0.03149537656044894,0.45284621920135937,1.0464131481887928,0.39035087719298245,0.41935483870967744,6.9279538904899125,11.706018518518519,4.645962732919252,1.9752475247524752,65.38888888888889,15.222222222222221,-0.2125040839899884,2.693548387096773,8.990476190476192,0.05555555555555555,0,0.7941176470588235,1.5,0.8775510204081632,2.388888888888889,4.025974025974027,9.670212765957448,0.05555555555555555,0,1,2.1666666666666665,1,2.388888888888889,-2,5.74814126394052,0.017108392325463035,0.4070631970260223,1.1447202925153204,0.3656387665198238,0.5454545454545454,6.705696202531646,11.180904522613066,4.385135135135134,1.9545454545454546,0.8235294117647058,63.294117647058826,15.647058823529411,5.7000871839581535,-0.018307456555345283,0.4559721011333915,0.9825118815673572,0.4485981308411215,0.4,6.356932153392329,11.665835411471319,4.750533049040511,1.9484536082474226,67.47058823529412,16.11764705882353,0.00854905686486473,3.21875,9.129032258064518,0.11764705882352941,0,0.868421052631579,1.9411764705882353,0.9,2.1176470588235294,4.291139240506331,4.074468085106383,0,0.058823529411764705,1,2,1,2.235294117647059,0.058823529411764705,1.2941176470588236,1.2777777777777777,1.3529411764705883
